{
	"class_name" : "PinholeCameraParameters",
	"extrinsic" : 
	[
		-0.18788374784861922,
		0.3915293563471785,
		-0.90077991785603262,
		0.0,
		0.97403395888269051,
		-0.043679384745747979,
		-0.22214850504008843,
		0.0,
		-0.12632317379511065,
		-0.91912832317723581,
		-0.37315624247188095,
		0.0,
		13.386396090440341,
		3.0036176115258684,
		41.129428713576566,
		1.0
	],
	"intrinsic" : 
	{
		"height" : 1080,
		"intrinsic_matrix" : 
		[
			935.30743608719376,
			0.0,
			0.0,
			0.0,
			935.30743608719376,
			0.0,
			959.5,
			539.5,
			1.0
		],
		"width" : 1920
	},
	"version_major" : 1,
	"version_minor" : 0
}